INSERT INTO PARTICIPANTE (ID,USUARIO,SENHA,INSTITUICAO) VALUES (12,'guilherme','123','UDESC');
INSERT INTO PARTICIPANTE (ID,USUARIO,SENHA,INSTITUICAO) VALUES (13,'teste','teste','UDESC');
INSERT INTO PARTICIPANTE (ID,USUARIO,SENHA,INSTITUICAO) VALUES (14,'participante','participante','UDESC');

INSERT INTO ADMINISTRADOR (ID, USUARIO, SENHA) VALUES ('1', 'adm', '123');

INSERT INTO REUNIAO (ID,CODIGO,ATIVA) VALUES (1,'001',1);
INSERT INTO REUNIAO (ID,CODIGO,ATIVA) VALUES (2,'020',1);
INSERT INTO REUNIAO (ID,CODIGO,ATIVA) VALUES (3,'300',1);

INSERT INTO VOTACAO (ID,TITULO,ID_REUNIAO,PERGUNTA, SUGESTAO) VALUES (1,'Voting - Interface',1,'O que você achou da interface do sistema?', 0);
INSERT INTO VOTACAO (ID,TITULO,ID_REUNIAO,PERGUNTA, SUGESTAO) VALUES (2,'Voting - Geral',1,'Você acha este sistema inovador?', 0);
INSERT INTO VOTACAO (ID,TITULO,ID_REUNIAO,PERGUNTA, SUGESTAO) VALUES (3,'Voting - Facilidade',1,'Como você avalia a dificuldade de usar o sistema?', 0);
INSERT INTO VOTACAO (ID,TITULO,ID_REUNIAO,PERGUNTA, SUGESTAO) VALUES (4,'Idade',2,'Qual sua idade?', 0);
INSERT INTO VOTACAO (ID,TITULO,ID_REUNIAO,PERGUNTA, SUGESTAO) VALUES (5,'Viagem',2,'Você já viajou para o exterior?', 0);
INSERT INTO VOTACAO (ID,TITULO,ID_REUNIAO,PERGUNTA, SUGESTAO) VALUES (6,'Pesquisa',2,'Você gosta de comer salada?', 0);
INSERT INTO VOTACAO (ID,TITULO,ID_REUNIAO,PERGUNTA, SUGESTAO) VALUES (7,'Praias',3,'Você gosta de praia?', 0);
INSERT INTO VOTACAO (ID,TITULO,ID_REUNIAO,PERGUNTA, SUGESTAO) VALUES (8,'Musica',3,'Qual seu estilo de música favorito?', 0);

INSERT INTO OPCAO (ID,DESCRICAO,ID_VOTACAO) VALUES (1,'Bonita',1);
INSERT INTO OPCAO (ID,DESCRICAO,ID_VOTACAO) VALUES (2,'Prática',1);
INSERT INTO OPCAO (ID,DESCRICAO,ID_VOTACAO) VALUES (3,'Ruim',1);

INSERT INTO OPCAO (ID,DESCRICAO,ID_VOTACAO) VALUES (4,'Sim',2);
INSERT INTO OPCAO (ID,DESCRICAO,ID_VOTACAO) VALUES (5,'Não',2);
INSERT INTO OPCAO (ID,DESCRICAO,ID_VOTACAO) VALUES (6,'Talvez',2);

INSERT INTO OPCAO (ID,DESCRICAO,ID_VOTACAO) VALUES (7,'Muito fácil',3);
INSERT INTO OPCAO (ID,DESCRICAO,ID_VOTACAO) VALUES (8,'Fácil',3);
INSERT INTO OPCAO (ID,DESCRICAO,ID_VOTACAO) VALUES (9,'Moderada',3);
INSERT INTO OPCAO (ID,DESCRICAO,ID_VOTACAO) VALUES (10,'Díficil',3);
INSERT INTO OPCAO (ID,DESCRICAO,ID_VOTACAO) VALUES (11,'Muito Difícil',3);

INSERT INTO OPCAO (ID,DESCRICAO,ID_VOTACAO) VALUES (12,'5 - 30',4);
INSERT INTO OPCAO (ID,DESCRICAO,ID_VOTACAO) VALUES (13,'31 - 100',4);

INSERT INTO OPCAO (ID,DESCRICAO,ID_VOTACAO) VALUES (14,'Sim',5);
INSERT INTO OPCAO (ID,DESCRICAO,ID_VOTACAO) VALUES (15,'Não',5);
INSERT INTO OPCAO (ID,DESCRICAO,ID_VOTACAO) VALUES (16,'Não, mas pretendo',5);

INSERT INTO OPCAO (ID,DESCRICAO,ID_VOTACAO) VALUES (17,'Sim',6);
INSERT INTO OPCAO (ID,DESCRICAO,ID_VOTACAO) VALUES (18,'Não',6);

INSERT INTO OPCAO (ID,DESCRICAO,ID_VOTACAO) VALUES (19,'Sim',7);
INSERT INTO OPCAO (ID,DESCRICAO,ID_VOTACAO) VALUES (20,'Não',7);

INSERT INTO OPCAO (ID,DESCRICAO,ID_VOTACAO) VALUES (21,'Rock',8);
INSERT INTO OPCAO (ID,DESCRICAO,ID_VOTACAO) VALUES (22,'House',8);
INSERT INTO OPCAO (ID,DESCRICAO,ID_VOTACAO) VALUES (23,'Pop',8);